"","V1"
"1",FALSE
"2",TRUE
"3",TRUE
"4",FALSE
"5",FALSE
"6",FALSE
"7",TRUE
"8",FALSE
"9",FALSE
"10",FALSE
"11",FALSE
"12",TRUE
"13",FALSE
"14",TRUE
"15",FALSE
"16",TRUE
"17",TRUE
"18",TRUE
"19",TRUE
"20",TRUE
"21",FALSE
"22",FALSE
"23",FALSE
"24",TRUE
"25",TRUE
"26",FALSE
"27",FALSE
"28",TRUE
"29",TRUE
"30",TRUE
"31",TRUE
"32",FALSE
"33",FALSE
"34",TRUE
"35",FALSE
"36",FALSE
"37",TRUE
"38",TRUE
"39",FALSE
"40",FALSE
"41",FALSE
"42",FALSE
"43",FALSE
"44",FALSE
"45",TRUE
"46",TRUE
"47",TRUE
"48",FALSE
"49",FALSE
"50",FALSE
"51",TRUE
"52",FALSE
"53",TRUE
"54",TRUE
"55",FALSE
"56",TRUE
"57",FALSE
"58",TRUE
"59",TRUE
"60",TRUE
"61",TRUE
"62",FALSE
"63",TRUE
"64",FALSE
"65",FALSE
"66",TRUE
"67",FALSE
"68",FALSE
"69",FALSE
"70",FALSE
"71",FALSE
"72",FALSE
"73",FALSE
"74",FALSE
"75",TRUE
"76",FALSE
"77",TRUE
"78",FALSE
"79",TRUE
"80",TRUE
"81",FALSE
"82",TRUE
"83",FALSE
"84",FALSE
"85",TRUE
"86",TRUE
"87",FALSE
"88",FALSE
"89",FALSE
"90",FALSE
"91",FALSE
"92",FALSE
"93",TRUE
"94",FALSE
"95",TRUE
"96",TRUE
"97",TRUE
"98",TRUE
"99",TRUE
"100",FALSE
"101",TRUE
"102",TRUE
"103",FALSE
"104",TRUE
"105",TRUE
"106",FALSE
"107",FALSE
"108",TRUE
"109",FALSE
"110",FALSE
"111",TRUE
"112",TRUE
"113",TRUE
"114",FALSE
"115",FALSE
"116",TRUE
"117",FALSE
"118",TRUE
"119",FALSE
"120",FALSE
"121",FALSE
"122",FALSE
"123",FALSE
"124",FALSE
"125",FALSE
"126",FALSE
"127",FALSE
"128",FALSE
"129",FALSE
"130",FALSE
"131",FALSE
"132",FALSE
"133",TRUE
"134",FALSE
"135",FALSE
"136",FALSE
"137",FALSE
"138",FALSE
"139",FALSE
"140",FALSE
"141",TRUE
"142",FALSE
"143",FALSE
"144",FALSE
"145",FALSE
"146",TRUE
"147",FALSE
"148",FALSE
"149",FALSE
"150",FALSE
"151",FALSE
"152",FALSE
"153",FALSE
"154",TRUE
"155",FALSE
"156",FALSE
"157",FALSE
"158",FALSE
"159",FALSE
"160",FALSE
"161",TRUE
"162",TRUE
"163",FALSE
"164",FALSE
"165",FALSE
"166",TRUE
"167",FALSE
"168",TRUE
"169",TRUE
"170",FALSE
"171",FALSE
"172",FALSE
"173",FALSE
"174",FALSE
"175",TRUE
"176",FALSE
"177",TRUE
"178",FALSE
"179",FALSE
"180",FALSE
"181",TRUE
"182",FALSE
"183",TRUE
"184",TRUE
"185",TRUE
"186",TRUE
"187",FALSE
"188",TRUE
"189",TRUE
"190",TRUE
"191",TRUE
"192",TRUE
"193",TRUE
"194",FALSE
"195",FALSE
"196",TRUE
"197",FALSE
"198",FALSE
"199",FALSE
"200",FALSE
"201",TRUE
"202",FALSE
"203",FALSE
"204",TRUE
"205",FALSE
"206",TRUE
"207",TRUE
"208",TRUE
"209",FALSE
"210",TRUE
"211",FALSE
"212",TRUE
"213",FALSE
"214",TRUE
"215",FALSE
"216",TRUE
"217",FALSE
"218",FALSE
"219",FALSE
"220",FALSE
"221",TRUE
"222",FALSE
"223",FALSE
"224",FALSE
"225",TRUE
"226",TRUE
"227",FALSE
"228",FALSE
"229",FALSE
"230",FALSE
"231",TRUE
"232",TRUE
"233",FALSE
"234",TRUE
"235",TRUE
"236",TRUE
"237",FALSE
"238",TRUE
"239",FALSE
"240",TRUE
"241",TRUE
"242",FALSE
"243",TRUE
"244",FALSE
"245",FALSE
"246",FALSE
"247",FALSE
"248",TRUE
"249",FALSE
"250",TRUE
"251",TRUE
"252",FALSE
"253",TRUE
"254",FALSE
"255",FALSE
"256",TRUE
"257",TRUE
"258",FALSE
"259",FALSE
"260",FALSE
"261",TRUE
"262",TRUE
"263",TRUE
"264",TRUE
"265",FALSE
"266",FALSE
"267",TRUE
"268",FALSE
"269",FALSE
"270",TRUE
"271",FALSE
"272",TRUE
"273",TRUE
"274",TRUE
"275",TRUE
"276",FALSE
"277",TRUE
"278",FALSE
"279",FALSE
"280",FALSE
"281",FALSE
"282",FALSE
"283",FALSE
"284",FALSE
"285",FALSE
"286",FALSE
"287",TRUE
"288",FALSE
"289",FALSE
"290",FALSE
"291",FALSE
"292",TRUE
"293",FALSE
"294",TRUE
"295",TRUE
"296",TRUE
"297",TRUE
"298",TRUE
"299",TRUE
"300",TRUE
"301",FALSE
"302",TRUE
"303",TRUE
"304",TRUE
"305",FALSE
"306",TRUE
"307",TRUE
"308",TRUE
"309",FALSE
"310",TRUE
"311",FALSE
"312",FALSE
"313",TRUE
"314",FALSE
"315",TRUE
"316",FALSE
"317",TRUE
"318",FALSE
"319",TRUE
"320",TRUE
"321",FALSE
"322",TRUE
"323",TRUE
"324",FALSE
"325",FALSE
"326",TRUE
"327",FALSE
"328",FALSE
"329",FALSE
"330",FALSE
"331",TRUE
"332",FALSE
"333",FALSE
"334",FALSE
"335",FALSE
"336",TRUE
"337",TRUE
"338",FALSE
"339",TRUE
"340",TRUE
"341",TRUE
"342",FALSE
"343",TRUE
"344",FALSE
"345",TRUE
"346",TRUE
"347",FALSE
"348",FALSE
"349",TRUE
"350",FALSE
"351",FALSE
"352",FALSE
"353",FALSE
"354",FALSE
"355",TRUE
"356",FALSE
"357",FALSE
"358",FALSE
"359",FALSE
"360",TRUE
"361",FALSE
"362",TRUE
"363",TRUE
"364",TRUE
"365",TRUE
"366",TRUE
"367",FALSE
"368",FALSE
"369",FALSE
"370",TRUE
"371",FALSE
"372",FALSE
"373",FALSE
"374",FALSE
"375",FALSE
"376",TRUE
"377",FALSE
"378",FALSE
"379",TRUE
"380",FALSE
"381",FALSE
"382",FALSE
"383",FALSE
"384",TRUE
"385",FALSE
"386",FALSE
"387",FALSE
"388",FALSE
"389",FALSE
"390",TRUE
"391",TRUE
"392",TRUE
"393",FALSE
"394",TRUE
"395",TRUE
"396",TRUE
"397",TRUE
"398",FALSE
"399",FALSE
"400",FALSE
"401",FALSE
"402",FALSE
"403",FALSE
"404",FALSE
"405",FALSE
"406",FALSE
"407",FALSE
"408",FALSE
"409",FALSE
"410",FALSE
"411",FALSE
"412",FALSE
"413",FALSE
"414",TRUE
"415",FALSE
"416",FALSE
"417",FALSE
"418",TRUE
"419",FALSE
"420",FALSE
"421",TRUE
"422",TRUE
"423",FALSE
"424",FALSE
"425",FALSE
"426",FALSE
"427",FALSE
"428",TRUE
"429",FALSE
"430",FALSE
"431",FALSE
"432",TRUE
"433",TRUE
"434",FALSE
"435",TRUE
"436",FALSE
"437",FALSE
"438",FALSE
"439",FALSE
"440",TRUE
"441",FALSE
"442",TRUE
"443",FALSE
"444",FALSE
"445",FALSE
"446",FALSE
"447",FALSE
"448",FALSE
"449",FALSE
"450",FALSE
"451",TRUE
"452",TRUE
"453",FALSE
"454",FALSE
"455",TRUE
"456",TRUE
"457",TRUE
"458",FALSE
"459",TRUE
"460",FALSE
"461",TRUE
"462",FALSE
"463",TRUE
"464",TRUE
"465",FALSE
"466",FALSE
"467",FALSE
"468",TRUE
"469",FALSE
"470",TRUE
"471",FALSE
"472",TRUE
"473",FALSE
"474",TRUE
"475",FALSE
"476",FALSE
"477",TRUE
"478",FALSE
"479",TRUE
"480",FALSE
"481",FALSE
"482",TRUE
"483",TRUE
"484",FALSE
"485",FALSE
"486",FALSE
"487",FALSE
"488",TRUE
"489",FALSE
"490",FALSE
"491",TRUE
"492",TRUE
"493",FALSE
"494",TRUE
"495",FALSE
"496",TRUE
"497",FALSE
"498",TRUE
"499",TRUE
"500",FALSE
"501",FALSE
"502",TRUE
"503",TRUE
"504",FALSE
"505",TRUE
"506",FALSE
"507",TRUE
"508",TRUE
"509",FALSE
"510",FALSE
"511",FALSE
"512",FALSE
"513",FALSE
"514",FALSE
"515",FALSE
"516",TRUE
"517",FALSE
"518",FALSE
"519",TRUE
"520",FALSE
"521",FALSE
"522",FALSE
"523",TRUE
"524",FALSE
"525",TRUE
"526",FALSE
"527",FALSE
"528",TRUE
"529",FALSE
"530",FALSE
"531",TRUE
"532",TRUE
"533",FALSE
"534",FALSE
"535",FALSE
"536",FALSE
"537",TRUE
"538",TRUE
"539",FALSE
"540",TRUE
"541",TRUE
"542",FALSE
"543",FALSE
"544",TRUE
"545",FALSE
"546",FALSE
"547",FALSE
"548",TRUE
"549",FALSE
"550",TRUE
"551",FALSE
"552",FALSE
"553",FALSE
"554",FALSE
"555",FALSE
"556",FALSE
"557",FALSE
"558",FALSE
"559",FALSE
"560",TRUE
"561",TRUE
"562",TRUE
"563",FALSE
"564",FALSE
"565",TRUE
"566",TRUE
"567",FALSE
"568",TRUE
"569",TRUE
"570",TRUE
"571",TRUE
"572",TRUE
"573",TRUE
"574",TRUE
"575",FALSE
"576",TRUE
"577",FALSE
"578",TRUE
"579",FALSE
"580",FALSE
"581",TRUE
"582",TRUE
"583",FALSE
"584",TRUE
"585",FALSE
"586",TRUE
"587",TRUE
"588",FALSE
"589",TRUE
"590",FALSE
"591",TRUE
"592",FALSE
"593",FALSE
"594",TRUE
"595",FALSE
"596",FALSE
"597",FALSE
"598",TRUE
"599",FALSE
"600",TRUE
"601",TRUE
"602",FALSE
"603",FALSE
"604",FALSE
"605",TRUE
"606",TRUE
"607",TRUE
"608",FALSE
"609",TRUE
"610",FALSE
"611",FALSE
"612",TRUE
"613",FALSE
"614",FALSE
"615",TRUE
"616",TRUE
"617",FALSE
"618",FALSE
"619",TRUE
"620",TRUE
"621",FALSE
"622",FALSE
"623",FALSE
"624",TRUE
"625",FALSE
"626",TRUE
"627",FALSE
"628",FALSE
"629",FALSE
"630",FALSE
"631",FALSE
"632",FALSE
"633",TRUE
"634",FALSE
"635",TRUE
"636",FALSE
"637",TRUE
"638",FALSE
"639",FALSE
"640",FALSE
"641",TRUE
"642",FALSE
"643",FALSE
"644",FALSE
"645",FALSE
"646",TRUE
"647",FALSE
"648",TRUE
"649",FALSE
"650",FALSE
"651",FALSE
"652",FALSE
"653",FALSE
"654",FALSE
"655",TRUE
"656",FALSE
"657",FALSE
"658",TRUE
"659",FALSE
"660",TRUE
"661",FALSE
"662",TRUE
"663",TRUE
"664",TRUE
"665",FALSE
"666",FALSE
"667",FALSE
"668",FALSE
"669",FALSE
"670",FALSE
"671",TRUE
"672",FALSE
"673",TRUE
"674",TRUE
"675",FALSE
"676",FALSE
"677",FALSE
"678",TRUE
"679",FALSE
"680",FALSE
"681",FALSE
"682",TRUE
"683",TRUE
"684",FALSE
"685",FALSE
"686",FALSE
"687",FALSE
"688",FALSE
"689",FALSE
"690",FALSE
"691",FALSE
"692",FALSE
"693",FALSE
"694",TRUE
"695",TRUE
"696",TRUE
"697",FALSE
"698",TRUE
"699",FALSE
"700",FALSE
"701",FALSE
"702",TRUE
"703",TRUE
"704",TRUE
"705",TRUE
"706",FALSE
"707",FALSE
"708",TRUE
"709",TRUE
"710",FALSE
"711",FALSE
"712",FALSE
"713",TRUE
"714",FALSE
"715",FALSE
"716",FALSE
"717",TRUE
"718",TRUE
"719",TRUE
"720",TRUE
"721",FALSE
"722",TRUE
"723",FALSE
"724",FALSE
"725",TRUE
"726",FALSE
"727",FALSE
"728",FALSE
"729",FALSE
"730",TRUE
"731",FALSE
"732",FALSE
"733",TRUE
"734",FALSE
"735",TRUE
"736",TRUE
"737",FALSE
"738",TRUE
"739",FALSE
"740",TRUE
"741",TRUE
"742",FALSE
"743",TRUE
"744",TRUE
"745",FALSE
"746",FALSE
"747",FALSE
"748",FALSE
"749",FALSE
"750",FALSE
"751",FALSE
"752",FALSE
"753",FALSE
"754",TRUE
"755",FALSE
"756",FALSE
"757",TRUE
"758",FALSE
"759",FALSE
"760",FALSE
"761",TRUE
"762",FALSE
"763",TRUE
"764",FALSE
"765",TRUE
"766",FALSE
"767",TRUE
"768",FALSE
"769",TRUE
"770",FALSE
"771",FALSE
"772",FALSE
"773",TRUE
"774",FALSE
"775",FALSE
"776",FALSE
"777",TRUE
"778",FALSE
"779",FALSE
"780",TRUE
"781",TRUE
"782",FALSE
"783",TRUE
"784",FALSE
"785",TRUE
"786",TRUE
"787",FALSE
"788",TRUE
"789",TRUE
"790",FALSE
"791",FALSE
"792",TRUE
"793",TRUE
"794",FALSE
"795",TRUE
"796",TRUE
"797",TRUE
"798",FALSE
"799",TRUE
"800",FALSE
"801",FALSE
"802",FALSE
"803",TRUE
"804",FALSE
"805",TRUE
"806",FALSE
"807",FALSE
"808",FALSE
"809",TRUE
"810",TRUE
"811",FALSE
"812",FALSE
"813",FALSE
"814",FALSE
"815",TRUE
"816",FALSE
"817",TRUE
"818",TRUE
"819",FALSE
"820",TRUE
"821",FALSE
"822",FALSE
"823",FALSE
"824",TRUE
"825",FALSE
"826",FALSE
"827",FALSE
"828",FALSE
"829",FALSE
"830",TRUE
"831",TRUE
"832",FALSE
"833",FALSE
"834",TRUE
"835",TRUE
"836",FALSE
"837",TRUE
"838",FALSE
"839",TRUE
"840",FALSE
"841",FALSE
"842",FALSE
"843",FALSE
"844",TRUE
"845",FALSE
"846",TRUE
"847",FALSE
"848",TRUE
"849",FALSE
"850",FALSE
"851",FALSE
"852",TRUE
"853",FALSE
"854",FALSE
"855",FALSE
"856",FALSE
"857",FALSE
"858",TRUE
"859",FALSE
"860",FALSE
"861",TRUE
"862",FALSE
"863",TRUE
"864",TRUE
"865",FALSE
"866",TRUE
"867",FALSE
"868",FALSE
"869",TRUE
"870",FALSE
"871",FALSE
"872",FALSE
"873",FALSE
"874",FALSE
"875",FALSE
"876",FALSE
"877",FALSE
"878",TRUE
"879",FALSE
"880",FALSE
"881",FALSE
"882",TRUE
"883",FALSE
"884",TRUE
"885",FALSE
"886",TRUE
"887",FALSE
"888",FALSE
"889",FALSE
"890",TRUE
"891",TRUE
"892",TRUE
"893",FALSE
"894",TRUE
"895",TRUE
"896",FALSE
"897",TRUE
"898",FALSE
"899",FALSE
"900",TRUE
"901",TRUE
"902",FALSE
"903",TRUE
"904",TRUE
"905",FALSE
"906",FALSE
"907",TRUE
"908",FALSE
"909",TRUE
"910",FALSE
"911",TRUE
"912",TRUE
"913",FALSE
"914",TRUE
"915",FALSE
"916",FALSE
"917",TRUE
"918",TRUE
"919",FALSE
"920",FALSE
"921",FALSE
"922",FALSE
"923",TRUE
"924",FALSE
"925",TRUE
"926",TRUE
"927",FALSE
"928",FALSE
"929",TRUE
"930",FALSE
"931",TRUE
"932",TRUE
"933",FALSE
"934",FALSE
"935",TRUE
"936",FALSE
"937",FALSE
"938",FALSE
"939",FALSE
"940",FALSE
"941",FALSE
"942",TRUE
"943",FALSE
"944",FALSE
"945",TRUE
"946",FALSE
"947",FALSE
"948",FALSE
"949",TRUE
"950",TRUE
"951",TRUE
"952",FALSE
"953",TRUE
"954",TRUE
"955",TRUE
"956",TRUE
"957",FALSE
"958",FALSE
"959",FALSE
"960",FALSE
"961",FALSE
"962",TRUE
"963",TRUE
"964",FALSE
"965",FALSE
"966",TRUE
"967",FALSE
"968",TRUE
"969",TRUE
"970",FALSE
"971",FALSE
"972",FALSE
"973",TRUE
"974",TRUE
"975",TRUE
"976",FALSE
"977",FALSE
"978",FALSE
"979",FALSE
"980",TRUE
"981",FALSE
"982",TRUE
"983",TRUE
"984",FALSE
"985",FALSE
"986",FALSE
"987",FALSE
"988",TRUE
"989",FALSE
"990",FALSE
"991",TRUE
"992",TRUE
"993",FALSE
"994",TRUE
"995",TRUE
"996",FALSE
"997",TRUE
"998",TRUE
"999",FALSE
"1000",TRUE
"1001",FALSE
"1002",TRUE
"1003",FALSE
"1004",FALSE
"1005",FALSE
"1006",FALSE
"1007",TRUE
"1008",TRUE
"1009",TRUE
"1010",FALSE
"1011",FALSE
"1012",TRUE
"1013",TRUE
"1014",FALSE
"1015",TRUE
"1016",TRUE
"1017",TRUE
"1018",TRUE
"1019",FALSE
"1020",TRUE
"1021",FALSE
"1022",TRUE
"1023",TRUE
"1024",FALSE
"1025",TRUE
"1026",TRUE
"1027",FALSE
"1028",TRUE
"1029",FALSE
"1030",FALSE
"1031",TRUE
"1032",FALSE
"1033",FALSE
"1034",FALSE
"1035",FALSE
"1036",TRUE
"1037",FALSE
"1038",FALSE
"1039",FALSE
"1040",FALSE
"1041",FALSE
"1042",FALSE
"1043",FALSE
"1044",TRUE
"1045",FALSE
"1046",TRUE
"1047",FALSE
"1048",FALSE
"1049",FALSE
"1050",TRUE
"1051",TRUE
"1052",FALSE
"1053",FALSE
"1054",TRUE
"1055",FALSE
"1056",FALSE
"1057",FALSE
"1058",FALSE
"1059",FALSE
"1060",FALSE
"1061",FALSE
"1062",TRUE
"1063",TRUE
"1064",TRUE
"1065",FALSE
"1066",TRUE
"1067",FALSE
"1068",FALSE
"1069",TRUE
"1070",TRUE
"1071",FALSE
"1072",FALSE
"1073",FALSE
"1074",FALSE
"1075",FALSE
"1076",TRUE
"1077",FALSE
"1078",FALSE
"1079",FALSE
"1080",TRUE
"1081",FALSE
"1082",TRUE
"1083",FALSE
"1084",FALSE
"1085",FALSE
"1086",FALSE
"1087",FALSE
"1088",FALSE
"1089",FALSE
"1090",FALSE
"1091",FALSE
"1092",FALSE
"1093",FALSE
"1094",TRUE
"1095",TRUE
"1096",TRUE
"1097",FALSE
"1098",TRUE
"1099",TRUE
"1100",TRUE
"1101",TRUE
"1102",FALSE
"1103",FALSE
"1104",TRUE
"1105",TRUE
"1106",FALSE
"1107",FALSE
"1108",TRUE
"1109",FALSE
"1110",FALSE
"1111",TRUE
"1112",FALSE
"1113",TRUE
"1114",TRUE
"1115",TRUE
"1116",TRUE
"1117",TRUE
"1118",FALSE
"1119",TRUE
"1120",TRUE
"1121",TRUE
"1122",FALSE
"1123",FALSE
"1124",FALSE
"1125",TRUE
"1126",FALSE
"1127",TRUE
"1128",FALSE
"1129",TRUE
"1130",TRUE
"1131",TRUE
"1132",FALSE
"1133",FALSE
"1134",TRUE
"1135",TRUE
"1136",TRUE
"1137",TRUE
"1138",TRUE
"1139",TRUE
"1140",TRUE
"1141",FALSE
"1142",TRUE
"1143",TRUE
"1144",TRUE
"1145",FALSE
"1146",FALSE
"1147",FALSE
"1148",FALSE
"1149",TRUE
"1150",FALSE
"1151",TRUE
"1152",FALSE
"1153",TRUE
"1154",TRUE
"1155",TRUE
"1156",FALSE
"1157",TRUE
"1158",TRUE
"1159",FALSE
"1160",FALSE
"1161",TRUE
"1162",FALSE
"1163",TRUE
"1164",FALSE
"1165",TRUE
"1166",TRUE
"1167",TRUE
"1168",TRUE
"1169",TRUE
"1170",FALSE
"1171",TRUE
"1172",TRUE
"1173",TRUE
"1174",FALSE
"1175",TRUE
"1176",FALSE
"1177",TRUE
"1178",TRUE
"1179",FALSE
"1180",FALSE
"1181",TRUE
"1182",TRUE
"1183",TRUE
"1184",TRUE
"1185",FALSE
"1186",FALSE
"1187",TRUE
"1188",TRUE
"1189",FALSE
"1190",FALSE
"1191",FALSE
"1192",FALSE
"1193",FALSE
"1194",FALSE
"1195",TRUE
"1196",TRUE
"1197",TRUE
"1198",FALSE
"1199",TRUE
"1200",FALSE
"1201",TRUE
"1202",TRUE
"1203",FALSE
"1204",TRUE
"1205",FALSE
"1206",TRUE
"1207",TRUE
"1208",TRUE
"1209",FALSE
"1210",TRUE
"1211",TRUE
"1212",TRUE
"1213",FALSE
"1214",TRUE
"1215",TRUE
"1216",FALSE
"1217",TRUE
"1218",TRUE
"1219",FALSE
"1220",FALSE
"1221",TRUE
"1222",FALSE
"1223",TRUE
"1224",TRUE
"1225",TRUE
"1226",FALSE
"1227",FALSE
"1228",TRUE
"1229",TRUE
"1230",FALSE
"1231",TRUE
"1232",TRUE
"1233",TRUE
"1234",FALSE
"1235",TRUE
"1236",TRUE
"1237",TRUE
"1238",FALSE
"1239",TRUE
"1240",FALSE
"1241",TRUE
"1242",TRUE
"1243",FALSE
"1244",FALSE
"1245",TRUE
"1246",FALSE
"1247",TRUE
"1248",FALSE
"1249",TRUE
"1250",FALSE
"1251",FALSE
"1252",FALSE
"1253",TRUE
"1254",TRUE
"1255",FALSE
"1256",TRUE
"1257",TRUE
"1258",FALSE
"1259",FALSE
"1260",FALSE
"1261",FALSE
"1262",TRUE
"1263",FALSE
"1264",TRUE
"1265",FALSE
"1266",FALSE
"1267",FALSE
"1268",FALSE
"1269",TRUE
"1270",TRUE
"1271",FALSE
"1272",FALSE
"1273",TRUE
"1274",FALSE
"1275",FALSE
"1276",FALSE
"1277",FALSE
"1278",FALSE
"1279",TRUE
"1280",FALSE
"1281",TRUE
"1282",TRUE
"1283",TRUE
"1284",FALSE
"1285",FALSE
"1286",FALSE
"1287",FALSE
"1288",FALSE
"1289",TRUE
"1290",FALSE
"1291",FALSE
"1292",FALSE
"1293",FALSE
"1294",FALSE
"1295",FALSE
"1296",FALSE
"1297",TRUE
"1298",FALSE
"1299",FALSE
"1300",TRUE
"1301",FALSE
"1302",TRUE
"1303",FALSE
"1304",FALSE
"1305",FALSE
"1306",FALSE
"1307",TRUE
"1308",TRUE
"1309",FALSE
"1310",FALSE
"1311",TRUE
"1312",FALSE
"1313",FALSE
"1314",TRUE
"1315",TRUE
"1316",FALSE
"1317",FALSE
"1318",FALSE
"1319",TRUE
"1320",FALSE
"1321",TRUE
"1322",TRUE
"1323",TRUE
"1324",FALSE
"1325",TRUE
"1326",FALSE
"1327",TRUE
"1328",TRUE
"1329",FALSE
"1330",FALSE
"1331",FALSE
"1332",FALSE
"1333",FALSE
"1334",TRUE
"1335",TRUE
"1336",TRUE
"1337",TRUE
"1338",TRUE
"1339",TRUE
"1340",FALSE
"1341",FALSE
"1342",FALSE
"1343",TRUE
"1344",FALSE
"1345",TRUE
"1346",TRUE
"1347",FALSE
"1348",TRUE
"1349",FALSE
"1350",TRUE
"1351",FALSE
"1352",TRUE
"1353",TRUE
"1354",FALSE
"1355",TRUE
"1356",TRUE
"1357",TRUE
"1358",TRUE
"1359",FALSE
"1360",FALSE
"1361",FALSE
"1362",TRUE
"1363",TRUE
"1364",FALSE
"1365",FALSE
"1366",FALSE
"1367",TRUE
"1368",TRUE
"1369",TRUE
"1370",FALSE
"1371",FALSE
"1372",FALSE
"1373",FALSE
"1374",FALSE
"1375",FALSE
"1376",FALSE
"1377",FALSE
"1378",TRUE
"1379",TRUE
"1380",FALSE
"1381",TRUE
"1382",FALSE
"1383",FALSE
"1384",TRUE
"1385",TRUE
"1386",FALSE
"1387",TRUE
"1388",FALSE
"1389",FALSE
"1390",FALSE
"1391",TRUE
"1392",FALSE
"1393",FALSE
"1394",FALSE
"1395",FALSE
"1396",TRUE
"1397",FALSE
"1398",FALSE
"1399",FALSE
"1400",FALSE
"1401",FALSE
"1402",FALSE
"1403",FALSE
"1404",FALSE
"1405",FALSE
"1406",FALSE
"1407",TRUE
"1408",FALSE
"1409",FALSE
"1410",FALSE
"1411",TRUE
"1412",FALSE
"1413",FALSE
"1414",FALSE
"1415",FALSE
"1416",FALSE
"1417",FALSE
"1418",FALSE
"1419",TRUE
"1420",FALSE
"1421",FALSE
"1422",FALSE
"1423",TRUE
"1424",FALSE
"1425",FALSE
"1426",TRUE
"1427",FALSE
"1428",FALSE
"1429",FALSE
"1430",FALSE
"1431",FALSE
"1432",FALSE
"1433",TRUE
"1434",FALSE
"1435",TRUE
"1436",TRUE
"1437",FALSE
"1438",TRUE
"1439",TRUE
"1440",FALSE
"1441",FALSE
"1442",TRUE
"1443",TRUE
"1444",TRUE
"1445",FALSE
"1446",TRUE
"1447",TRUE
"1448",FALSE
"1449",FALSE
"1450",FALSE
"1451",TRUE
"1452",FALSE
"1453",FALSE
"1454",TRUE
"1455",TRUE
"1456",TRUE
"1457",TRUE
"1458",FALSE
"1459",FALSE
"1460",FALSE
"1461",FALSE
"1462",FALSE
"1463",FALSE
"1464",FALSE
"1465",TRUE
"1466",FALSE
"1467",FALSE
"1468",FALSE
"1469",FALSE
"1470",TRUE
"1471",FALSE
"1472",FALSE
"1473",FALSE
"1474",TRUE
"1475",FALSE
"1476",TRUE
"1477",FALSE
"1478",FALSE
"1479",TRUE
"1480",TRUE
"1481",TRUE
"1482",TRUE
"1483",FALSE
"1484",TRUE
"1485",TRUE
"1486",TRUE
"1487",FALSE
"1488",FALSE
"1489",TRUE
"1490",FALSE
"1491",TRUE
"1492",FALSE
"1493",FALSE
"1494",FALSE
"1495",FALSE
"1496",TRUE
"1497",FALSE
"1498",TRUE
"1499",TRUE
"1500",FALSE
"1501",FALSE
"1502",TRUE
"1503",FALSE
"1504",TRUE
"1505",TRUE
"1506",FALSE
"1507",FALSE
"1508",TRUE
"1509",FALSE
"1510",TRUE
"1511",FALSE
"1512",TRUE
"1513",TRUE
"1514",TRUE
"1515",TRUE
"1516",FALSE
"1517",FALSE
"1518",TRUE
"1519",TRUE
"1520",FALSE
"1521",TRUE
"1522",TRUE
"1523",FALSE
"1524",TRUE
"1525",TRUE
"1526",TRUE
"1527",FALSE
"1528",FALSE
"1529",TRUE
"1530",FALSE
"1531",FALSE
"1532",FALSE
"1533",FALSE
"1534",TRUE
"1535",TRUE
"1536",TRUE
"1537",FALSE
"1538",TRUE
"1539",FALSE
"1540",TRUE
"1541",FALSE
"1542",FALSE
"1543",FALSE
"1544",TRUE
"1545",FALSE
"1546",FALSE
"1547",TRUE
"1548",FALSE
"1549",FALSE
"1550",FALSE
"1551",TRUE
"1552",FALSE
"1553",FALSE
"1554",TRUE
"1555",TRUE
"1556",TRUE
"1557",TRUE
"1558",FALSE
"1559",TRUE
"1560",FALSE
"1561",FALSE
"1562",TRUE
"1563",FALSE
"1564",TRUE
"1565",FALSE
"1566",FALSE
"1567",TRUE
"1568",FALSE
"1569",FALSE
"1570",FALSE
"1571",FALSE
"1572",FALSE
"1573",FALSE
"1574",FALSE
"1575",FALSE
"1576",TRUE
"1577",TRUE
"1578",TRUE
"1579",FALSE
"1580",TRUE
"1581",FALSE
"1582",FALSE
"1583",TRUE
"1584",TRUE
"1585",TRUE
"1586",TRUE
"1587",FALSE
"1588",FALSE
"1589",FALSE
"1590",FALSE
"1591",TRUE
"1592",FALSE
"1593",TRUE
"1594",TRUE
"1595",TRUE
"1596",TRUE
"1597",FALSE
"1598",TRUE
"1599",FALSE
"1600",FALSE
"1601",FALSE
"1602",FALSE
"1603",TRUE
"1604",FALSE
"1605",TRUE
"1606",FALSE
"1607",FALSE
"1608",TRUE
"1609",TRUE
"1610",FALSE
"1611",TRUE
"1612",TRUE
"1613",FALSE
"1614",FALSE
"1615",TRUE
"1616",TRUE
"1617",FALSE
"1618",FALSE
"1619",FALSE
"1620",FALSE
"1621",TRUE
"1622",TRUE
"1623",TRUE
"1624",FALSE
"1625",TRUE
"1626",TRUE
"1627",FALSE
"1628",FALSE
"1629",FALSE
"1630",TRUE
"1631",TRUE
"1632",TRUE
"1633",FALSE
"1634",FALSE
"1635",TRUE
"1636",FALSE
"1637",FALSE
"1638",TRUE
"1639",TRUE
"1640",FALSE
"1641",TRUE
"1642",TRUE
"1643",TRUE
"1644",FALSE
"1645",TRUE
"1646",TRUE
"1647",TRUE
"1648",FALSE
"1649",FALSE
"1650",TRUE
"1651",TRUE
"1652",FALSE
"1653",FALSE
"1654",FALSE
"1655",TRUE
"1656",TRUE
"1657",TRUE
"1658",TRUE
"1659",FALSE
"1660",FALSE
"1661",FALSE
"1662",FALSE
"1663",FALSE
"1664",FALSE
"1665",TRUE
"1666",TRUE
"1667",TRUE
"1668",FALSE
"1669",FALSE
"1670",TRUE
"1671",TRUE
"1672",TRUE
"1673",TRUE
"1674",FALSE
"1675",FALSE
"1676",TRUE
"1677",TRUE
"1678",FALSE
"1679",FALSE
"1680",TRUE
"1681",FALSE
"1682",FALSE
"1683",FALSE
"1684",FALSE
"1685",FALSE
"1686",TRUE
"1687",FALSE
"1688",TRUE
"1689",TRUE
"1690",TRUE
"1691",FALSE
"1692",FALSE
"1693",TRUE
"1694",FALSE
"1695",TRUE
"1696",FALSE
"1697",FALSE
"1698",FALSE
"1699",TRUE
"1700",TRUE
"1701",FALSE
"1702",TRUE
"1703",FALSE
"1704",TRUE
"1705",FALSE
"1706",TRUE
"1707",TRUE
"1708",TRUE
"1709",TRUE
"1710",FALSE
"1711",FALSE
"1712",TRUE
"1713",FALSE
"1714",FALSE
"1715",TRUE
"1716",TRUE
"1717",FALSE
"1718",TRUE
"1719",FALSE
"1720",TRUE
"1721",FALSE
"1722",FALSE
"1723",TRUE
"1724",FALSE
"1725",TRUE
"1726",FALSE
"1727",TRUE
"1728",TRUE
"1729",TRUE
"1730",FALSE
"1731",FALSE
"1732",TRUE
"1733",TRUE
"1734",FALSE
"1735",TRUE
"1736",FALSE
"1737",TRUE
"1738",TRUE
"1739",FALSE
"1740",FALSE
"1741",TRUE
"1742",FALSE
"1743",TRUE
"1744",FALSE
"1745",TRUE
"1746",FALSE
"1747",TRUE
"1748",FALSE
"1749",FALSE
"1750",TRUE
"1751",TRUE
"1752",TRUE
"1753",TRUE
"1754",TRUE
"1755",TRUE
"1756",FALSE
"1757",TRUE
"1758",FALSE
"1759",FALSE
"1760",TRUE
"1761",TRUE
"1762",TRUE
"1763",TRUE
"1764",TRUE
"1765",FALSE
"1766",FALSE
"1767",FALSE
"1768",FALSE
"1769",FALSE
"1770",TRUE
"1771",TRUE
"1772",TRUE
"1773",TRUE
"1774",TRUE
"1775",TRUE
"1776",TRUE
"1777",TRUE
"1778",FALSE
"1779",FALSE
"1780",FALSE
"1781",FALSE
"1782",FALSE
"1783",TRUE
"1784",TRUE
"1785",FALSE
"1786",TRUE
"1787",TRUE
"1788",TRUE
"1789",TRUE
"1790",FALSE
"1791",TRUE
"1792",FALSE
"1793",TRUE
"1794",TRUE
"1795",FALSE
"1796",FALSE
"1797",TRUE
"1798",FALSE
"1799",FALSE
"1800",TRUE
"1801",TRUE
"1802",TRUE
"1803",TRUE
"1804",FALSE
"1805",FALSE
"1806",FALSE
"1807",FALSE
"1808",FALSE
"1809",FALSE
"1810",TRUE
"1811",TRUE
"1812",FALSE
"1813",FALSE
"1814",FALSE
"1815",FALSE
"1816",TRUE
"1817",TRUE
"1818",TRUE
"1819",TRUE
"1820",FALSE
"1821",FALSE
"1822",FALSE
"1823",FALSE
"1824",TRUE
"1825",FALSE
"1826",FALSE
"1827",FALSE
"1828",TRUE
"1829",FALSE
"1830",FALSE
"1831",FALSE
"1832",FALSE
"1833",FALSE
"1834",FALSE
"1835",FALSE
"1836",FALSE
"1837",TRUE
"1838",FALSE
"1839",TRUE
"1840",FALSE
"1841",TRUE
"1842",TRUE
"1843",TRUE
"1844",FALSE
"1845",TRUE
"1846",FALSE
"1847",FALSE
"1848",TRUE
"1849",TRUE
"1850",FALSE
"1851",FALSE
"1852",FALSE
"1853",FALSE
"1854",FALSE
"1855",TRUE
"1856",FALSE
"1857",TRUE
"1858",FALSE
"1859",TRUE
"1860",FALSE
"1861",FALSE
"1862",FALSE
"1863",TRUE
"1864",FALSE
"1865",FALSE
"1866",TRUE
"1867",TRUE
"1868",TRUE
"1869",TRUE
"1870",FALSE
"1871",FALSE
"1872",FALSE
"1873",TRUE
"1874",TRUE
"1875",TRUE
"1876",TRUE
"1877",TRUE
"1878",TRUE
"1879",TRUE
"1880",TRUE
"1881",FALSE
"1882",FALSE
"1883",FALSE
"1884",TRUE
"1885",FALSE
"1886",FALSE
"1887",FALSE
"1888",TRUE
"1889",TRUE
"1890",FALSE
"1891",TRUE
"1892",TRUE
"1893",TRUE
"1894",TRUE
"1895",FALSE
"1896",FALSE
"1897",TRUE
"1898",TRUE
"1899",FALSE
"1900",FALSE
"1901",FALSE
"1902",TRUE
"1903",TRUE
"1904",TRUE
"1905",TRUE
"1906",FALSE
"1907",FALSE
"1908",TRUE
"1909",TRUE
"1910",FALSE
"1911",FALSE
"1912",TRUE
"1913",TRUE
"1914",TRUE
"1915",FALSE
"1916",FALSE
"1917",FALSE
"1918",FALSE
"1919",FALSE
"1920",FALSE
"1921",FALSE
"1922",TRUE
"1923",FALSE
"1924",TRUE
"1925",FALSE
"1926",TRUE
"1927",FALSE
"1928",FALSE
"1929",FALSE
"1930",FALSE
"1931",TRUE
"1932",FALSE
"1933",TRUE
"1934",TRUE
"1935",FALSE
"1936",FALSE
"1937",FALSE
"1938",FALSE
"1939",TRUE
"1940",TRUE
"1941",TRUE
"1942",FALSE
"1943",TRUE
"1944",TRUE
"1945",TRUE
"1946",FALSE
"1947",FALSE
"1948",TRUE
"1949",FALSE
"1950",FALSE
"1951",FALSE
"1952",TRUE
"1953",FALSE
"1954",TRUE
"1955",TRUE
"1956",FALSE
"1957",FALSE
"1958",TRUE
"1959",FALSE
"1960",TRUE
"1961",FALSE
"1962",TRUE
"1963",FALSE
"1964",TRUE
"1965",TRUE
"1966",FALSE
"1967",TRUE
"1968",FALSE
"1969",FALSE
"1970",FALSE
"1971",FALSE
"1972",FALSE
"1973",TRUE
"1974",FALSE
"1975",FALSE
"1976",FALSE
"1977",TRUE
"1978",FALSE
"1979",FALSE
"1980",FALSE
"1981",FALSE
"1982",FALSE
"1983",TRUE
"1984",TRUE
"1985",TRUE
"1986",FALSE
"1987",TRUE
"1988",TRUE
"1989",FALSE
"1990",TRUE
"1991",FALSE
"1992",TRUE
"1993",FALSE
"1994",TRUE
"1995",FALSE
"1996",FALSE
"1997",FALSE
"1998",TRUE
"1999",FALSE
"2000",TRUE
"2001",FALSE
"2002",FALSE
"2003",TRUE
"2004",FALSE
"2005",TRUE
"2006",FALSE
"2007",FALSE
"2008",FALSE
"2009",TRUE
"2010",FALSE
"2011",FALSE
"2012",TRUE
"2013",FALSE
"2014",TRUE
"2015",TRUE
"2016",FALSE
"2017",TRUE
"2018",FALSE
"2019",TRUE
"2020",FALSE
"2021",TRUE
"2022",FALSE
"2023",TRUE
"2024",FALSE
"2025",FALSE
"2026",FALSE
"2027",TRUE
"2028",TRUE
"2029",FALSE
"2030",FALSE
"2031",TRUE
"2032",TRUE
"2033",TRUE
"2034",FALSE
"2035",FALSE
"2036",FALSE
"2037",TRUE
"2038",TRUE
"2039",FALSE
"2040",FALSE
"2041",FALSE
"2042",FALSE
"2043",TRUE
"2044",FALSE
"2045",TRUE
"2046",FALSE
"2047",FALSE
"2048",FALSE
"2049",TRUE
"2050",FALSE
"2051",FALSE
"2052",FALSE
"2053",FALSE
"2054",FALSE
"2055",FALSE
"2056",FALSE
"2057",FALSE
"2058",TRUE
"2059",FALSE
"2060",TRUE
"2061",FALSE
"2062",FALSE
"2063",FALSE
"2064",TRUE
"2065",FALSE
"2066",TRUE
"2067",FALSE
"2068",TRUE
"2069",FALSE
"2070",TRUE
"2071",FALSE
"2072",FALSE
"2073",FALSE
"2074",FALSE
"2075",FALSE
"2076",FALSE
"2077",FALSE
"2078",TRUE
"2079",FALSE
"2080",FALSE
"2081",FALSE
"2082",FALSE
"2083",FALSE
"2084",FALSE
"2085",TRUE
"2086",FALSE
"2087",TRUE
"2088",TRUE
"2089",FALSE
"2090",TRUE
"2091",TRUE
"2092",TRUE
"2093",FALSE
"2094",TRUE
"2095",TRUE
"2096",FALSE
"2097",FALSE
"2098",FALSE
"2099",FALSE
"2100",TRUE
"2101",TRUE
"2102",TRUE
"2103",FALSE
"2104",FALSE
"2105",TRUE
"2106",FALSE
"2107",FALSE
"2108",FALSE
"2109",TRUE
"2110",TRUE
"2111",TRUE
"2112",FALSE
"2113",FALSE
"2114",FALSE
"2115",FALSE
"2116",FALSE
"2117",TRUE
"2118",FALSE
"2119",TRUE
"2120",FALSE
"2121",FALSE
"2122",FALSE
"2123",FALSE
"2124",FALSE
"2125",FALSE
"2126",TRUE
"2127",TRUE
"2128",FALSE
"2129",FALSE
"2130",TRUE
"2131",TRUE
"2132",TRUE
"2133",TRUE
"2134",FALSE
"2135",FALSE
"2136",FALSE
"2137",FALSE
"2138",TRUE
"2139",FALSE
"2140",TRUE
"2141",TRUE
"2142",FALSE
"2143",TRUE
"2144",TRUE
"2145",FALSE
"2146",FALSE
"2147",TRUE
"2148",FALSE
"2149",FALSE
"2150",TRUE
"2151",FALSE
"2152",TRUE
"2153",TRUE
"2154",FALSE
"2155",FALSE
"2156",FALSE
"2157",FALSE
"2158",FALSE
"2159",TRUE
"2160",FALSE
"2161",TRUE
"2162",FALSE
"2163",FALSE
"2164",FALSE
"2165",TRUE
"2166",TRUE
"2167",TRUE
"2168",FALSE
"2169",FALSE
"2170",FALSE
"2171",FALSE
"2172",FALSE
"2173",TRUE
"2174",TRUE
"2175",FALSE
"2176",FALSE
"2177",TRUE
"2178",FALSE
"2179",FALSE
"2180",FALSE
"2181",FALSE
"2182",TRUE
"2183",TRUE
"2184",TRUE
"2185",FALSE
"2186",FALSE
"2187",FALSE
"2188",FALSE
"2189",FALSE
"2190",TRUE
"2191",TRUE
"2192",TRUE
"2193",FALSE
"2194",TRUE
"2195",FALSE
"2196",TRUE
"2197",FALSE
"2198",TRUE
"2199",TRUE
"2200",FALSE
"2201",FALSE
"2202",TRUE
"2203",FALSE
"2204",FALSE
"2205",TRUE
"2206",FALSE
"2207",FALSE
"2208",FALSE
"2209",FALSE
"2210",TRUE
"2211",FALSE
"2212",FALSE
"2213",FALSE
"2214",TRUE
"2215",FALSE
"2216",FALSE
"2217",FALSE
"2218",TRUE
"2219",FALSE
"2220",TRUE
"2221",FALSE
"2222",TRUE
"2223",FALSE
"2224",FALSE
"2225",FALSE
"2226",FALSE
"2227",FALSE
"2228",FALSE
"2229",TRUE
"2230",FALSE
"2231",TRUE
"2232",FALSE
"2233",TRUE
"2234",FALSE
"2235",FALSE
"2236",FALSE
"2237",FALSE
"2238",TRUE
"2239",FALSE
"2240",TRUE
"2241",FALSE
"2242",FALSE
"2243",TRUE
"2244",FALSE
"2245",FALSE
"2246",FALSE
"2247",FALSE
"2248",TRUE
"2249",FALSE
"2250",FALSE
"2251",TRUE
"2252",FALSE
"2253",FALSE
"2254",FALSE
"2255",FALSE
"2256",TRUE
"2257",TRUE
"2258",TRUE
"2259",FALSE
"2260",TRUE
"2261",FALSE
"2262",FALSE
"2263",TRUE
"2264",FALSE
"2265",FALSE
"2266",FALSE
"2267",TRUE
"2268",FALSE
"2269",FALSE
"2270",TRUE
"2271",TRUE
"2272",TRUE
"2273",TRUE
"2274",FALSE
"2275",TRUE
"2276",FALSE
"2277",FALSE
"2278",FALSE
"2279",FALSE
"2280",FALSE
"2281",FALSE
"2282",FALSE
"2283",FALSE
"2284",FALSE
"2285",TRUE
"2286",FALSE
"2287",TRUE
"2288",TRUE
"2289",FALSE
"2290",FALSE
"2291",TRUE
"2292",TRUE
"2293",FALSE
"2294",TRUE
"2295",FALSE
"2296",TRUE
"2297",TRUE
"2298",TRUE
"2299",TRUE
"2300",FALSE
"2301",FALSE
"2302",TRUE
"2303",TRUE
"2304",TRUE
"2305",TRUE
"2306",FALSE
"2307",FALSE
"2308",FALSE
"2309",TRUE
"2310",TRUE
"2311",TRUE
"2312",TRUE
"2313",TRUE
"2314",FALSE
"2315",FALSE
"2316",TRUE
"2317",FALSE
"2318",FALSE
"2319",FALSE
"2320",TRUE
"2321",TRUE
"2322",FALSE
"2323",FALSE
"2324",FALSE
"2325",TRUE
"2326",FALSE
"2327",FALSE
"2328",FALSE
"2329",FALSE
"2330",FALSE
"2331",FALSE
"2332",FALSE
"2333",TRUE
"2334",FALSE
"2335",FALSE
"2336",TRUE
"2337",FALSE
"2338",FALSE
"2339",FALSE
"2340",FALSE
"2341",TRUE
"2342",TRUE
"2343",TRUE
"2344",TRUE
"2345",FALSE
"2346",FALSE
"2347",TRUE
"2348",TRUE
"2349",TRUE
"2350",FALSE
"2351",FALSE
"2352",FALSE
"2353",FALSE
"2354",FALSE
"2355",TRUE
"2356",FALSE
"2357",TRUE
"2358",TRUE
"2359",TRUE
"2360",FALSE
"2361",FALSE
"2362",TRUE
"2363",FALSE
"2364",FALSE
"2365",FALSE
"2366",FALSE
"2367",TRUE
"2368",FALSE
"2369",FALSE
"2370",FALSE
"2371",TRUE
"2372",FALSE
"2373",FALSE
"2374",TRUE
"2375",FALSE
"2376",FALSE
"2377",TRUE
"2378",TRUE
"2379",TRUE
"2380",TRUE
"2381",FALSE
"2382",TRUE
"2383",FALSE
"2384",TRUE
"2385",FALSE
"2386",TRUE
"2387",FALSE
"2388",TRUE
"2389",FALSE
"2390",FALSE
"2391",FALSE
"2392",FALSE
"2393",FALSE
"2394",TRUE
"2395",FALSE
"2396",FALSE
"2397",TRUE
"2398",TRUE
"2399",TRUE
"2400",FALSE
"2401",TRUE
"2402",TRUE
"2403",FALSE
"2404",FALSE
"2405",FALSE
"2406",FALSE
"2407",TRUE
"2408",FALSE
"2409",FALSE
"2410",FALSE
"2411",TRUE
"2412",TRUE
"2413",FALSE
"2414",TRUE
"2415",TRUE
"2416",TRUE
"2417",FALSE
"2418",FALSE
"2419",FALSE
"2420",FALSE
"2421",FALSE
"2422",TRUE
"2423",FALSE
"2424",FALSE
"2425",FALSE
"2426",FALSE
"2427",FALSE
"2428",FALSE
"2429",TRUE
"2430",FALSE
"2431",FALSE
"2432",TRUE
"2433",FALSE
"2434",FALSE
"2435",FALSE
"2436",FALSE
"2437",FALSE
"2438",TRUE
"2439",TRUE
"2440",TRUE
"2441",FALSE
"2442",TRUE
"2443",TRUE
"2444",TRUE
"2445",TRUE
"2446",TRUE
"2447",FALSE
"2448",TRUE
"2449",FALSE
"2450",FALSE
"2451",FALSE
"2452",FALSE
"2453",FALSE
"2454",TRUE
"2455",TRUE
"2456",FALSE
"2457",TRUE
"2458",TRUE
"2459",TRUE
"2460",TRUE
"2461",TRUE
"2462",TRUE
"2463",FALSE
"2464",FALSE
"2465",FALSE
"2466",FALSE
"2467",FALSE
"2468",FALSE
"2469",FALSE
"2470",FALSE
"2471",TRUE
"2472",TRUE
"2473",FALSE
"2474",FALSE
"2475",FALSE
"2476",FALSE
"2477",TRUE
"2478",TRUE
"2479",TRUE
"2480",FALSE
"2481",TRUE
"2482",FALSE
"2483",TRUE
"2484",TRUE
"2485",TRUE
"2486",FALSE
"2487",FALSE
"2488",FALSE
"2489",TRUE
"2490",FALSE
"2491",TRUE
"2492",FALSE
"2493",FALSE
"2494",TRUE
"2495",TRUE
"2496",FALSE
"2497",TRUE
"2498",FALSE
"2499",TRUE
"2500",FALSE
"2501",FALSE
"2502",FALSE
"2503",FALSE
"2504",FALSE
"2505",FALSE
"2506",FALSE
"2507",FALSE
"2508",FALSE
"2509",FALSE
"2510",TRUE
"2511",TRUE
"2512",TRUE
"2513",FALSE
"2514",FALSE
"2515",TRUE
"2516",FALSE
"2517",FALSE
"2518",FALSE
"2519",FALSE
"2520",FALSE
"2521",TRUE
"2522",FALSE
"2523",FALSE
"2524",TRUE
"2525",TRUE
"2526",FALSE
"2527",TRUE
"2528",TRUE
"2529",FALSE
"2530",FALSE
"2531",FALSE
"2532",TRUE
"2533",TRUE
"2534",TRUE
"2535",FALSE
"2536",TRUE
"2537",TRUE
"2538",FALSE
"2539",TRUE
"2540",FALSE
"2541",FALSE
"2542",TRUE
"2543",FALSE
"2544",TRUE
"2545",TRUE
"2546",FALSE
"2547",TRUE
"2548",FALSE
"2549",TRUE
"2550",TRUE
"2551",FALSE
"2552",TRUE
"2553",FALSE
"2554",FALSE
"2555",FALSE
"2556",FALSE
"2557",FALSE
"2558",FALSE
"2559",FALSE
"2560",TRUE
"2561",TRUE
"2562",FALSE
"2563",FALSE
"2564",TRUE
"2565",FALSE
"2566",TRUE
"2567",FALSE
"2568",FALSE
"2569",TRUE
"2570",FALSE
"2571",TRUE
"2572",TRUE
"2573",FALSE
"2574",TRUE
"2575",FALSE
"2576",TRUE
"2577",FALSE
"2578",FALSE
"2579",TRUE
"2580",FALSE
"2581",TRUE
"2582",TRUE
"2583",TRUE
"2584",TRUE
"2585",FALSE
"2586",FALSE
"2587",FALSE
"2588",TRUE
"2589",FALSE
"2590",FALSE
"2591",FALSE
"2592",TRUE
"2593",TRUE
"2594",FALSE
"2595",TRUE
"2596",TRUE
"2597",TRUE
"2598",FALSE
"2599",TRUE
"2600",FALSE
"2601",TRUE
"2602",FALSE
"2603",TRUE
"2604",TRUE
"2605",FALSE
"2606",TRUE
"2607",TRUE
"2608",TRUE
"2609",TRUE
"2610",FALSE
"2611",FALSE
"2612",FALSE
"2613",FALSE
"2614",FALSE
"2615",TRUE
"2616",TRUE
"2617",FALSE
"2618",TRUE
"2619",TRUE
"2620",TRUE
"2621",TRUE
"2622",TRUE
"2623",FALSE
"2624",FALSE
"2625",TRUE
"2626",FALSE
"2627",TRUE
"2628",FALSE
"2629",FALSE
"2630",FALSE
"2631",FALSE
"2632",FALSE
"2633",FALSE
"2634",TRUE
"2635",TRUE
"2636",FALSE
"2637",TRUE
"2638",FALSE
"2639",FALSE
"2640",TRUE
"2641",FALSE
"2642",FALSE
"2643",TRUE
"2644",FALSE
"2645",FALSE
"2646",FALSE
"2647",FALSE
"2648",FALSE
"2649",FALSE
"2650",TRUE
"2651",FALSE
"2652",TRUE
"2653",TRUE
"2654",FALSE
"2655",FALSE
"2656",FALSE
"2657",FALSE
"2658",FALSE
"2659",FALSE
"2660",FALSE
"2661",TRUE
"2662",TRUE
"2663",FALSE
"2664",TRUE
"2665",TRUE
"2666",FALSE
"2667",FALSE
"2668",TRUE
"2669",FALSE
"2670",FALSE
"2671",TRUE
"2672",TRUE
"2673",FALSE
"2674",TRUE
"2675",TRUE
"2676",TRUE
"2677",FALSE
"2678",FALSE
"2679",FALSE
"2680",FALSE
"2681",FALSE
"2682",FALSE
"2683",TRUE
"2684",FALSE
"2685",TRUE
"2686",TRUE
"2687",FALSE
"2688",FALSE
"2689",TRUE
"2690",TRUE
"2691",FALSE
"2692",FALSE
"2693",FALSE
"2694",FALSE
"2695",FALSE
"2696",FALSE
"2697",FALSE
"2698",TRUE
"2699",FALSE
"2700",TRUE
"2701",FALSE
"2702",FALSE
"2703",FALSE
"2704",TRUE
"2705",TRUE
"2706",TRUE
"2707",TRUE
"2708",TRUE
"2709",FALSE
"2710",TRUE
"2711",FALSE
"2712",FALSE
"2713",TRUE
"2714",TRUE
"2715",FALSE
"2716",TRUE
"2717",TRUE
"2718",FALSE
"2719",FALSE
"2720",FALSE
"2721",FALSE
"2722",FALSE
"2723",FALSE
"2724",FALSE
"2725",FALSE
"2726",FALSE
"2727",FALSE
"2728",TRUE
"2729",TRUE
"2730",FALSE
"2731",FALSE
"2732",TRUE
"2733",TRUE
"2734",FALSE
"2735",TRUE
"2736",TRUE
"2737",TRUE
"2738",FALSE
"2739",TRUE
"2740",FALSE
"2741",FALSE
"2742",FALSE
"2743",TRUE
"2744",TRUE
"2745",TRUE
"2746",FALSE
"2747",FALSE
"2748",FALSE
"2749",TRUE
"2750",FALSE
"2751",TRUE
"2752",FALSE
"2753",TRUE
"2754",FALSE
"2755",TRUE
"2756",FALSE
"2757",FALSE
"2758",TRUE
"2759",FALSE
"2760",TRUE
"2761",TRUE
"2762",FALSE
"2763",TRUE
"2764",TRUE
"2765",TRUE
"2766",FALSE
"2767",FALSE
"2768",FALSE
"2769",FALSE
"2770",TRUE
"2771",FALSE
"2772",TRUE
"2773",TRUE
"2774",TRUE
"2775",FALSE
"2776",FALSE
"2777",FALSE
"2778",FALSE
"2779",TRUE
"2780",FALSE
"2781",TRUE
"2782",FALSE
"2783",TRUE
"2784",FALSE
"2785",FALSE
"2786",FALSE
"2787",FALSE
"2788",TRUE
"2789",TRUE
"2790",FALSE
"2791",FALSE
"2792",FALSE
"2793",FALSE
"2794",FALSE
"2795",FALSE
"2796",TRUE
"2797",FALSE
"2798",FALSE
"2799",FALSE
